GEOID,POP2022,SHEEP_2017,SHEEP_norm
25001,232457,113,0.008396492792
25003,127859,1047,0.07779759251
25005,580068,1011,0.07512260366
25009,806765,887,0.06590875316
25011,70894,1567,0.1164363204
25013,461041,776,0.05766087086
25015,162588,1680,0.1248328132
25017,1617105,1349,0.1002377768
25021,725531,309,0.022960321
25023,533069,921,0.06843513152
25025,766381,0,0
25027,862927,3296,0.2449100907
25007,21097,502,0.03730123347
25019,11327,0,0